{
    "counter": {
        "ACTIVE": 244,
        "INACTIVE": 1,
        "INVALID": 0,
        "MALICIOUS": 0,
        "SANE": 0,
        "VALID": 0,
        "total": 245
    },
    "percentage": {
        "ACTIVE": 99.59183673469387,
        "INACTIVE": 2.4390243902439024,
        "INVALID": 0,
        "MALICIOUS": 0,
        "SANE": 0,
        "VALID": 0,
        "total": 102.03086112493777
    }
}