{
    "counter": {
        "ACTIVE": 282,
        "INACTIVE": 42,
        "INVALID": 1,
        "MALICIOUS": 0,
        "SANE": 0,
        "VALID": 0,
        "total": 325
    },
    "percentage": {
        "ACTIVE": 86.76923076923077,
        "INACTIVE": 13.16614420062696,
        "INVALID": 0.625,
        "MALICIOUS": 0,
        "SANE": 0,
        "VALID": 0,
        "total": 100.56037496985773
    }
}