{
    "counter": {
        "ACTIVE": 248,
        "INACTIVE": 11,
        "INVALID": 0,
        "MALICIOUS": 0,
        "SANE": 0,
        "VALID": 0,
        "total": 259
    },
    "percentage": {
        "ACTIVE": 95.75289575289575,
        "INACTIVE": 5.213270142180095,
        "INVALID": 0,
        "MALICIOUS": 0,
        "SANE": 0,
        "VALID": 0,
        "total": 100.96616589507585
    }
}