{
    "counter": {
        "ACTIVE": 2,
        "INACTIVE": 0,
        "INVALID": 346,
        "MALICIOUS": 0,
        "SANE": 0,
        "VALID": 0,
        "total": 348
    },
    "percentage": {
        "ACTIVE": 18.181818181818183,
        "INACTIVE": 0,
        "INVALID": 99.42528735632185,
        "MALICIOUS": 0,
        "SANE": 0,
        "VALID": 0,
        "total": 117.60710553814003
    }
}