{
    "counter": {
        "ACTIVE": 243,
        "INACTIVE": 15,
        "INVALID": 0,
        "MALICIOUS": 0,
        "SANE": 0,
        "VALID": 0,
        "total": 258
    },
    "percentage": {
        "ACTIVE": 94.18604651162791,
        "INACTIVE": 6.410256410256411,
        "INVALID": 0,
        "MALICIOUS": 0,
        "SANE": 0,
        "VALID": 0,
        "total": 100.59630292188432
    }
}