{
    "counter": {
        "ACTIVE": 242,
        "INACTIVE": 15,
        "INVALID": 0,
        "MALICIOUS": 0,
        "SANE": 0,
        "VALID": 0,
        "total": 257
    },
    "percentage": {
        "ACTIVE": 94.16342412451363,
        "INACTIVE": 6.172839506172839,
        "INVALID": 0,
        "MALICIOUS": 0,
        "SANE": 0,
        "VALID": 0,
        "total": 100.33626363068646
    }
}