{
    "counter": {
        "ACTIVE": 238,
        "INACTIVE": 1,
        "INVALID": 0,
        "MALICIOUS": 0,
        "SANE": 0,
        "VALID": 0,
        "total": 239
    },
    "percentage": {
        "ACTIVE": 99.581589958159,
        "INACTIVE": 0.6711409395973155,
        "INVALID": 0,
        "MALICIOUS": 0,
        "SANE": 0,
        "VALID": 0,
        "total": 100.25273089775632
    }
}