{
    "counter": {
        "CBN Registrar": 2,
        "Domainraker.net LLC": 2,
        "Dynadot Inc": 2,
        "GoDaddy.com, LLC": 4,
        "Name.com, Inc.": 2,
        "NameCheap, Inc.": 2,
        "REGISTRAR OF DOMAIN NAMES REG.RU LLC": 2,
        "URL Solutions, Inc.": 2,
        "total": 18
    },
    "percentage": {
        "CBN Registrar": 11.11111111111111,
        "Domainraker.net LLC": 11.11111111111111,
        "Dynadot Inc": 11.11111111111111,
        "GoDaddy.com, LLC": 22.22222222222222,
        "Name.com, Inc.": 11.11111111111111,
        "NameCheap, Inc.": 11.11111111111111,
        "REGISTRAR OF DOMAIN NAMES REG.RU LLC": 11.11111111111111,
        "URL Solutions, Inc.": 11.11111111111111,
        "total": 100.0
    }
}