{
    "counter": {
        "101domain GRS Limited": 2,
        "ALIBABA.COM SINGAPORE E-COMMERCE PRIVATE LIMITED": 2,
        "Above.com Pty Ltd.": 2,
        "CBN Registrar": 2,
        "CV. JOGJACAMP": 2,
        "Danesco Trading Ltd.": 4,
        "Domainraker.net LLC": 2,
        "Dynadot Inc": 2,
        "GoDaddy.com, LLC": 16,
        "Google LLC": 2,
        "Gransy, s.r.o.": 2,
        "MAFF Inc.": 2,
        "Name.com, Inc.": 2,
        "NameCheap, Inc.": 8,
        "Namecheap": 4,
        "REGISTRAR OF DOMAIN NAMES REG.RU LLC": 4,
        "REGRU-RU": 2,
        "Tucows Domains Inc.": 6,
        "URL Solutions Inc.": 6,
        "URL Solutions, Inc.": 34,
        "Web Commerce Communications Limited dba WebNic.cc": 2,
        "eNom, LLC": 2,
        "total": 110
    },
    "percentage": {
        "101domain GRS Limited": 1.8181818181818181,
        "ALIBABA.COM SINGAPORE E-COMMERCE PRIVATE LIMITED": 1.8181818181818181,
        "Above.com Pty Ltd.": 1.8181818181818181,
        "CBN Registrar": 1.8181818181818181,
        "CV. JOGJACAMP": 1.8181818181818181,
        "Danesco Trading Ltd.": 3.6363636363636362,
        "Domainraker.net LLC": 1.8181818181818181,
        "Dynadot Inc": 1.8181818181818181,
        "GoDaddy.com, LLC": 14.545454545454545,
        "Google LLC": 1.8181818181818181,
        "Gransy, s.r.o.": 1.8181818181818181,
        "MAFF Inc.": 1.8181818181818181,
        "Name.com, Inc.": 1.8181818181818181,
        "NameCheap, Inc.": 7.2727272727272725,
        "Namecheap": 3.6363636363636362,
        "REGISTRAR OF DOMAIN NAMES REG.RU LLC": 3.6363636363636362,
        "REGRU-RU": 1.8181818181818181,
        "Tucows Domains Inc.": 5.454545454545454,
        "URL Solutions Inc.": 5.454545454545454,
        "URL Solutions, Inc.": 30.90909090909091,
        "Web Commerce Communications Limited dba WebNic.cc": 1.8181818181818181,
        "eNom, LLC": 1.8181818181818181,
        "total": 99.99999999999999
    }
}